City_ID,City,Country,Date,Lat,Lng,Max Temp,Humidity,Cloudiness,Wind Speed
0,Kaitangata,NZ,2022-04-17 01:56:57,-46.2817,169.8464,55.67,57,80,10.29
1,Safaga,EG,2022-04-17 01:56:58,26.7292,33.9365,76.32,39,0,5.99
2,Rikitea,PF,2022-04-17 01:56:58,-23.1203,-134.9692,78.82,68,32,12.93
3,Kavaratti,IN,2022-04-17 01:56:58,10.5669,72.642,83.86,72,31,5.82
4,Punta Arenas,CL,2022-04-17 01:56:59,-53.15,-70.9167,46.51,81,40,13.8
5,Castro,BR,2022-04-17 01:56:59,-24.7911,-50.0119,49.57,96,0,5.3
6,Yellowknife,CA,2022-04-17 01:56:17,62.456,-114.3525,14.52,48,75,9.22
7,Skelleftea,SE,2022-04-17 01:57:00,64.7507,20.9528,36.0,68,12,5.75
8,Klaksvik,FO,2022-04-17 01:57:00,62.2266,-6.589,47.32,97,100,22.53
9,Kvitok,RU,2022-04-17 01:57:00,56.0724,98.4813,49.86,71,100,5.03
10,Port Alfred,ZA,2022-04-17 01:57:01,-33.5906,26.891,58.17,93,100,9.35
11,Havoysund,NO,2022-04-17 01:57:01,70.9963,24.6622,39.43,91,100,28.41
12,Port Macquarie,AU,2022-04-17 01:57:01,-31.4333,152.9167,66.88,75,100,5.64
13,Vila Praia De Ancora,PT,2022-04-17 01:57:02,41.811,-8.8526,55.11,87,89,5.84
14,Chiang Klang,TH,2022-04-17 01:57:02,19.2938,100.8617,93.16,37,3,4.25
15,Vaini,TO,2022-04-17 01:57:02,-21.2,-175.2,80.56,75,42,12.17
16,Talsi,LV,2022-04-17 01:53:29,57.2456,22.5814,29.95,75,56,3.13
17,Saint Anthony,US,2022-04-17 01:57:03,45.0205,-93.218,37.0,44,0,4.61
18,Ponta Do Sol,PT,2022-04-17 01:57:03,32.6667,-17.1,70.43,44,100,7.45
19,Roseburg,US,2022-04-17 01:52:52,43.2165,-123.3417,51.91,47,75,9.22
20,Hilo,US,2022-04-17 01:57:04,19.7297,-155.09,73.27,92,100,4.61
21,Janakpur,NP,2022-04-17 01:57:04,26.7183,85.9065,85.75,41,34,12.57
22,Mishan,CN,2022-04-17 01:57:04,45.55,131.8833,50.31,22,68,13.29
23,Lebu,CL,2022-04-17 01:57:05,-37.6167,-73.65,52.97,93,45,10.98
24,Mackay,AU,2022-04-17 01:57:05,-21.15,149.2,83.68,69,5,17.27
25,Hithadhoo,MV,2022-04-17 01:57:06,-0.6,73.0833,83.41,63,97,6.62
26,Sorland,NO,2022-04-17 01:57:06,67.667,12.6934,42.22,96,100,22.21
27,Kapaa,US,2022-04-17 01:57:06,22.0752,-159.319,73.38,97,97,1.99
28,Arraial Do Cabo,BR,2022-04-17 01:57:07,-22.9661,-42.0278,72.61,70,0,14.92
29,Cartagena,CO,2022-04-17 01:53:24,10.3997,-75.5144,82.02,78,75,8.05
30,Gushikawa,JP,2022-04-17 01:56:49,26.3544,127.8686,69.03,64,85,12.48
31,Griffith,US,2022-04-17 01:57:07,41.5284,-87.4237,41.13,75,75,8.05
32,Zhicheng,CN,2022-04-17 01:57:08,30.2956,111.5047,52.81,80,100,2.35
33,Codrington,AU,2022-04-17 01:53:47,-38.2667,141.9667,79.3,30,100,24.43
34,Tambura,SS,2022-04-17 01:57:08,5.6,27.4667,69.01,94,89,3.29
35,Fairbanks,US,2022-04-17 01:52:33,64.8378,-147.7164,35.56,32,0,16.11
36,Husavik,IS,2022-04-17 01:57:09,66.0449,-17.3389,40.93,88,82,8.37
37,Qaanaaq,GL,2022-04-17 01:57:09,77.484,-69.3632,-19.86,73,8,7.36
38,Victoria,HK,2022-04-17 01:53:12,22.2855,114.1577,71.26,77,99,11.01
39,Seoul,KR,2022-04-17 01:56:02,37.5683,126.9778,60.19,45,0,4.61
40,Cape Town,ZA,2022-04-17 01:53:32,-33.9258,18.4232,61.92,69,0,10.36
41,Hermanus,ZA,2022-04-17 01:53:36,-34.4187,19.2345,56.8,82,5,13.42
42,Bluff,NZ,2022-04-17 01:57:10,-46.6,168.3333,53.8,57,93,8.01
43,Bredasdorp,ZA,2022-04-17 01:58:10,-34.5322,20.0403,56.14,83,2,7.65
44,Nara,JP,2022-04-17 01:53:52,34.6851,135.8049,61.97,34,72,4.47
45,Broome,US,2022-04-17 01:58:11,42.2506,-75.833,41.45,82,75,4.61
46,Coquimbo,CL,2022-04-17 01:58:11,-29.9533,-71.3436,56.93,88,100,3.44
47,Cidreira,BR,2022-04-17 01:58:11,-30.1811,-50.2056,66.34,75,99,6.89
48,Atuona,PF,2022-04-17 01:58:12,-9.8,-139.0333,78.84,80,84,17.09
49,Lavrentiya,RU,2022-04-17 01:58:12,65.5833,-171.0,31.1,95,100,10.38
50,Tiksi,RU,2022-04-17 01:58:12,71.6872,128.8694,4.06,91,29,6.26
51,Long Xuyen,VN,2022-04-17 01:58:13,10.3833,105.4167,82.35,65,100,8.77
52,Busselton,AU,2022-04-17 01:58:13,-33.65,115.3333,63.77,47,52,10.69
53,Beloha,MG,2022-04-17 01:58:13,-25.1667,45.05,72.05,93,57,7.05
54,Thompson,CA,2022-04-17 01:53:29,55.7435,-97.8558,24.96,42,100,5.75
55,Puerto Madero,MX,2022-04-17 01:58:14,14.7208,-92.4215,83.37,71,19,8.12
56,Samarai,PG,2022-04-17 01:58:14,-10.6167,150.6667,83.66,73,99,7.0
57,Riviere-Au-Renard,CA,2022-04-17 01:58:14,48.9957,-64.3971,37.69,87,100,4.88
58,Provideniya,RU,2022-04-17 01:58:15,64.3833,-173.3,32.63,95,99,11.18
59,Bambanglipuro,ID,2022-04-17 01:58:15,-7.95,110.2833,84.13,74,100,3.15
60,Mataura,NZ,2022-04-17 01:58:16,-46.1927,168.8643,53.47,48,99,4.25
61,Sorong,ID,2022-04-17 01:58:16,-0.8833,131.25,83.88,71,78,1.95
62,New Norfolk,AU,2022-04-17 01:58:16,-42.7826,147.0587,75.88,36,100,10.22
63,San Quintin,MX,2022-04-17 01:56:21,30.4833,-115.95,60.28,79,0,21.34
64,Carnarvon,AU,2022-04-17 01:58:17,-24.8667,113.6333,77.07,69,92,17.27
65,Casale Monferrato,IT,2022-04-17 01:58:17,45.1334,8.4571,56.43,73,100,11.03
66,Avarua,CK,2022-04-17 01:58:17,-21.2078,-159.775,84.25,74,75,12.66
67,Anadyr,RU,2022-04-17 01:58:18,64.75,177.4833,34.3,80,75,15.66
68,Baykit,RU,2022-04-17 01:58:18,61.67,96.37,41.85,96,100,6.24
69,Jamestown,US,2022-04-17 01:58:18,42.097,-79.2353,37.02,57,61,5.01
70,Kenai,US,2022-04-17 01:58:19,60.5544,-151.2583,45.03,52,84,7.27
71,Barrow,US,2022-04-17 01:58:19,71.2906,-156.7887,9.28,85,7,14.99
72,Bandarbeyla,SO,2022-04-17 01:54:54,9.4942,50.8122,80.44,79,40,7.07
73,Tuatapere,NZ,2022-04-17 01:58:20,-46.1333,167.6833,57.31,52,86,2.59
74,Narsaq,GL,2022-04-17 01:58:20,60.9167,-46.05,27.18,84,9,1.57
75,Forestville,US,2022-04-17 01:53:41,38.8451,-76.875,63.99,72,75,25.32
76,Vardo,NO,2022-04-17 01:58:20,70.3705,31.1107,38.26,83,100,29.17
77,Tuktoyaktuk,CA,2022-04-17 01:58:21,69.4541,-133.0374,3.2,72,75,6.91
78,Peleduy,RU,2022-04-17 01:53:53,59.6289,112.7406,31.62,97,100,7.9
79,Saskylakh,RU,2022-04-17 01:58:21,71.9167,114.0833,18.72,92,100,18.99
80,Cairns,AU,2022-04-17 01:54:42,-16.9167,145.7667,85.06,80,75,8.05
81,Sitka,US,2022-04-17 01:53:36,57.0531,-135.33,41.58,69,97,3.65
82,Wuzhou,CN,2022-04-17 01:58:22,23.4833,111.3167,57.2,90,100,3.27
83,Faya,SA,2022-04-17 01:58:22,18.3851,42.4509,62.71,47,1,3.42
84,Cherskiy,RU,2022-04-17 01:58:22,68.75,161.3,22.78,87,100,12.68
85,Evensk,RU,2022-04-17 01:58:23,61.95,159.2333,32.65,81,100,5.79
86,Gananoque,CA,2022-04-17 01:58:23,44.3334,-76.1661,41.0,80,86,11.65
87,Pozo Colorado,PY,2022-04-17 01:58:24,-23.4923,-58.7972,65.34,54,86,4.7
88,Salalah,OM,2022-04-17 01:58:24,17.0151,54.0924,77.59,70,0,0.87
89,Hervey Bay,AU,2022-04-17 01:58:24,-25.2986,152.8535,77.02,65,59,11.01
90,Hobart,AU,2022-04-17 01:57:41,-42.8794,147.3294,76.23,61,0,14.97
91,Ushuaia,AR,2022-04-17 01:59:21,-54.8,-68.3,37.06,81,0,4.61
92,Nikolskoye,RU,2022-04-17 01:59:25,59.7035,30.7861,32.81,82,62,3.2
93,Praia,CV,2022-04-17 01:59:25,14.9215,-23.5087,70.34,73,75,13.8
94,Geraldton,AU,2022-04-17 01:59:25,-28.7667,114.6,68.41,68,100,16.11
95,Havre,FR,2022-04-17 01:59:26,49.5833,0.3333,49.77,76,0,6.91
96,Sao Filipe,CV,2022-04-17 01:59:26,14.8961,-24.4956,70.5,80,16,7.61
97,Saint-Philippe,RE,2022-04-17 01:59:27,-21.3585,55.7679,72.99,78,39,8.66
98,Nizhneudinsk,RU,2022-04-17 01:59:27,54.9076,99.0276,55.36,46,100,3.53
99,Laguna,US,2022-04-17 01:59:27,38.421,-121.4238,67.91,56,0,13.8
100,Alekseyevsk,RU,2022-04-17 01:59:28,57.8406,108.3492,39.11,97,100,10.13
101,Dustlik,UZ,2022-04-17 01:59:28,40.5247,68.0358,69.28,36,100,4.56
102,Port Elizabeth,ZA,2022-04-17 01:59:05,-33.918,25.5701,61.32,91,20,8.05
103,Tolbazy,RU,2022-04-17 01:59:28,54.0241,55.8825,32.86,78,72,2.91
104,Khatanga,RU,2022-04-17 01:59:06,71.9667,102.5,21.58,95,88,8.1
105,Port Hardy,CA,2022-04-17 01:59:29,50.6996,-127.4199,48.38,53,40,16.11
106,Kruisfontein,ZA,2022-04-17 01:59:29,-34.0033,24.7314,58.89,92,0,3.44
107,Longyearbyen,SJ,2022-04-17 01:59:30,78.2186,15.6401,10.56,93,100,3.29
108,Borba,BR,2022-04-17 01:59:30,-4.3878,-59.5939,74.55,97,100,1.43
109,Nhulunbuy,AU,2022-04-17 01:55:20,-12.2333,136.7667,79.41,89,100,14.97
110,Upernavik,GL,2022-04-17 01:59:30,72.7868,-56.1549,-17.1,100,50,8.7
111,Montague,US,2022-04-17 01:56:57,42.5356,-72.5351,45.05,68,100,3.74
112,Ambrolauri,GE,2022-04-17 01:59:31,42.5211,43.1622,42.84,79,1,5.95
113,Atambua,ID,2022-04-17 01:59:31,-9.1061,124.8925,83.28,65,85,2.33
114,Nouakchott,MR,2022-04-17 01:59:31,18.0858,-15.9785,62.53,91,9,16.71
115,Moranbah,AU,2022-04-17 01:59:32,-22.0016,148.0466,80.73,33,0,13.33
116,Puerto Ayora,EC,2022-04-17 01:59:32,-0.7393,-90.3518,75.4,91,79,5.32
117,Chuy,UY,2022-04-17 01:59:32,-33.6971,-53.4616,59.18,85,0,5.39
118,Ayame,CI,2022-04-17 01:59:33,5.6083,-3.1563,72.57,96,100,2.59
119,Pyaozerskiy,RU,2022-04-17 01:59:33,65.8333,31.1667,32.38,83,100,9.06
120,San Jeronimo,PE,2022-04-17 01:59:33,-11.9472,-75.2829,48.34,86,82,1.68
121,Okhotsk,RU,2022-04-17 01:57:19,59.3833,143.3,26.26,76,100,10.83
122,Souillac,MU,2022-04-17 01:59:34,-20.5167,57.5167,77.38,88,75,11.5
123,Yuryuzan,RU,2022-04-17 01:59:34,54.8633,58.4219,30.22,85,38,1.79
124,Clyde River,CA,2022-04-17 01:59:35,70.4692,-68.5914,-9.17,84,100,4.61
125,Butaritari,KI,2022-04-17 01:59:35,3.0707,172.7902,81.91,76,37,12.06
126,Constitucion,CL,2022-04-17 01:57:20,-35.3333,-72.4167,54.32,75,0,3.02
127,Iqaluit,CA,2022-04-17 01:59:35,63.7506,-68.5145,10.13,84,75,4.61
128,Seydi,TM,2022-04-17 01:59:36,39.4816,62.9137,62.78,61,11,17.25
129,Kiunga,PG,2022-04-17 01:59:36,-6.1219,141.2906,85.6,67,100,2.89
130,Aktau,KZ,2022-04-17 01:59:36,43.65,51.2,48.78,64,0,11.88
131,Thinadhoo,MV,2022-04-17 01:59:37,0.5333,72.9333,83.46,68,97,7.94
132,Markova,UA,2022-04-17 01:59:37,48.6758,24.4138,29.48,95,87,4.54
133,Northam,GB,2022-04-17 01:59:37,51.0333,-4.2167,53.38,71,100,8.43
134,Khani,GE,2022-04-17 01:59:38,41.9563,42.9566,45.97,74,0,7.23
135,Tilichiki,RU,2022-04-17 01:55:58,60.4667,166.1,30.31,89,61,5.77
136,Cabo San Lucas,MX,2022-04-17 01:57:17,22.8909,-109.9124,80.62,55,100,10.83
137,Zyryanka,RU,2022-04-17 02:00:38,65.75,150.85,18.07,78,100,2.86
138,Sun Valley,US,2022-04-17 02:00:39,39.5963,-119.776,53.53,49,40,27.63
139,Bronnoysund,NO,2022-04-17 02:00:39,65.4625,12.1997,42.8,87,100,8.05
140,Redlands,US,2022-04-17 02:00:39,34.0556,-117.1825,68.54,65,40,11.5
141,Norman Wells,CA,2022-04-17 02:00:40,65.282,-126.8329,16.0,79,88,2.66
142,Albany,US,2022-04-17 01:57:31,42.6001,-73.9662,39.63,92,97,4.07
143,Gravdal,NO,2022-04-17 02:00:40,68.1214,13.5031,41.95,98,100,16.33
144,Sabang,ID,2022-04-17 02:00:41,5.8933,95.3214,83.86,63,56,5.37
145,Smirnykh,RU,2022-04-17 02:00:41,49.75,142.8333,33.62,80,100,11.9
146,Huaraz,PE,2022-04-17 01:59:09,-9.5333,-77.5333,51.73,88,87,1.34
147,Erdenet,MN,2022-04-17 02:00:42,49.0333,104.0833,43.11,39,76,4.16
148,Kahului,US,2022-04-17 02:00:42,20.8947,-156.47,72.97,74,100,10.96
149,Zhuhai,CN,2022-04-17 02:00:42,22.2769,113.5678,69.58,78,40,10.36
150,Kaliua,TZ,2022-04-17 02:00:43,-5.0606,31.7936,65.1,96,100,2.8
151,Nanortalik,GL,2022-04-17 02:00:43,60.1432,-45.2371,29.05,84,93,8.21
152,Sulphur Springs,US,2022-04-17 01:56:00,33.1385,-95.6011,60.75,88,100,12.66
153,Ribeira Grande,PT,2022-04-17 02:00:43,38.5167,-28.7,59.61,78,1,18.48
154,Elizabeth City,US,2022-04-17 02:00:44,36.2946,-76.2511,68.05,85,100,4.0
155,Wajima,JP,2022-04-17 02:00:44,37.4,136.9,53.38,45,0,0.74
156,Shelburne,CA,2022-04-17 02:00:09,44.0787,-80.2041,28.9,78,99,9.84
157,Dauphin,CA,2022-04-17 02:00:45,51.1494,-100.0502,18.72,92,27,3.96
158,Namibe,AO,2022-04-17 02:00:45,-15.1961,12.1522,72.39,75,75,6.53
159,Mar Del Plata,AR,2022-04-17 01:59:10,-38.0023,-57.5575,61.88,89,91,8.01
160,Newport,GB,2022-04-17 02:00:45,51.5877,-2.9984,52.52,75,100,3.56
161,Todos Santos,MX,2022-04-17 02:00:46,23.45,-110.2167,65.66,80,100,7.11
162,Dudinka,RU,2022-04-17 02:00:46,69.4058,86.1778,12.33,95,100,13.4
163,Alassio,IT,2022-04-17 02:00:47,44.0039,8.1671,61.47,55,98,1.01
164,Sao Miguel Do Araguaia,BR,2022-04-17 02:00:47,-13.275,-50.1628,75.27,80,72,2.44
165,Le Port,RE,2022-04-17 02:00:47,-20.9373,55.2919,73.4,75,10,4.29
166,Karratha,AU,2022-04-17 02:00:48,-20.7377,116.8463,92.86,31,10,5.32
167,Abha,SA,2022-04-17 02:00:48,18.2164,42.5053,60.62,46,2,6.76
168,Inuvik,CA,2022-04-17 02:00:48,68.3499,-133.7218,11.61,83,44,7.02
169,Saint George,US,2022-04-17 02:00:07,37.1041,-113.5841,72.25,20,45,4.0
170,Hasaki,JP,2022-04-17 02:00:49,35.7333,140.8333,61.29,54,100,9.62
171,Zeven,DE,2022-04-17 02:00:49,53.3,9.2833,40.73,76,1,6.42
172,Yala,TH,2022-04-17 02:00:50,6.3333,101.25,80.6,72,62,1.9
173,Tasiilaq,GL,2022-04-17 02:00:50,65.6145,-37.6368,33.96,97,100,7.65
174,Sao Joao Da Barra,BR,2022-04-17 02:00:50,-21.6403,-41.0511,69.37,76,34,10.2
175,Severo-Kurilsk,RU,2022-04-17 02:00:51,50.6789,156.125,32.86,78,100,11.1
176,Georgetown,MY,2022-04-17 01:57:05,5.4112,100.3354,85.95,87,20,5.01
177,Punta Alta,AR,2022-04-17 02:00:52,-38.8759,-62.0736,60.19,65,97,2.75
178,Flinders,AU,2022-04-17 02:00:52,-34.5833,150.8552,77.05,58,2,11.01
179,Bambous Virieux,MU,2022-04-17 02:01:53,-20.3428,57.7575,76.21,82,63,13.76
180,Touros,BR,2022-04-17 02:01:53,-5.1989,-35.4608,79.03,84,86,6.15
181,Mpanda,TZ,2022-04-17 02:01:53,-6.3655,31.0409,65.08,98,100,1.3
182,Tighina,MD,2022-04-17 02:01:54,46.8306,29.4711,43.57,72,100,13.13
183,Katherine,AU,2022-04-17 02:01:54,-14.4667,132.2667,89.92,43,95,10.36
184,Ambilobe,MG,2022-04-17 02:01:54,-13.2,49.05,68.83,90,6,3.65
185,Ilulissat,GL,2022-04-17 02:01:55,69.2167,-51.1,-8.21,92,10,5.86
186,Asau,RO,2022-04-17 02:01:55,46.4333,26.4,36.52,90,100,5.93
187,Shenkursk,RU,2022-04-17 02:01:55,62.1091,42.896,20.53,96,54,3.74
188,Kemijarvi,FI,2022-04-17 02:01:56,66.7131,27.4306,30.49,95,99,5.32
189,Shimoda,JP,2022-04-17 02:01:56,34.6667,138.95,52.11,74,100,9.48
190,Grindavik,IS,2022-04-17 02:01:56,63.8424,-22.4338,43.27,93,75,13.8
191,Aklavik,CA,2022-04-17 02:01:57,68.2191,-135.0107,13.91,81,20,12.3
192,Merauke,ID,2022-04-17 02:01:11,-8.4667,140.3333,84.74,69,100,1.77
193,Padang,ID,2022-04-17 02:01:57,-0.9492,100.3543,86.05,68,30,1.5
194,Mutoko,ZW,2022-04-17 01:58:11,-17.397,32.2268,59.65,93,15,4.38
195,Coihaique,CL,2022-04-17 01:58:01,-45.5752,-72.0662,46.35,81,0,5.75
196,Presidencia Roque Saenz Pena,AR,2022-04-17 02:01:58,-26.7852,-60.4388,58.32,86,48,3.76
197,Yerofey Pavlovich,RU,2022-04-17 02:01:58,53.9667,121.9667,35.51,35,83,5.39
198,Mahebourg,MU,2022-04-17 02:01:58,-20.4081,57.7,76.24,82,59,13.56
199,Kashi,CN,2022-04-17 02:01:59,39.4547,75.9797,58.55,20,0,4.07
200,Amarante Do Maranhao,BR,2022-04-17 02:01:59,-5.5667,-46.7422,72.0,97,20,1.52
201,Katsuura,JP,2022-04-17 02:02:01,35.1333,140.3,58.98,58,100,10.31
202,Tauranga,NZ,2022-04-17 02:02:01,-37.6861,176.1667,71.92,61,100,5.99
203,Talnakh,RU,2022-04-17 02:02:01,69.4865,88.3972,13.89,94,100,15.75
204,Alice Town,BS,2022-04-17 02:02:02,25.7167,-79.3,77.86,71,0,15.46
205,Semey,KZ,2022-04-17 02:02:02,50.4111,80.2275,43.02,56,0,8.95
206,Pacific Grove,US,2022-04-17 02:02:02,36.6177,-121.9166,59.54,76,40,10.0
207,Srednekolymsk,RU,2022-04-17 02:02:03,67.45,153.6833,18.63,86,100,7.0
208,Sur,OM,2022-04-17 01:57:36,22.5667,59.5289,86.41,36,32,5.75
209,Kondinskoye,RU,2022-04-17 02:02:03,59.6481,67.41,30.58,94,94,4.21
210,Kavieng,PG,2022-04-17 02:02:04,-2.5744,150.7967,84.51,71,31,8.75
211,Paamiut,GL,2022-04-17 02:02:04,61.994,-49.6678,22.24,88,8,7.0
212,Tagusao,PH,2022-04-17 02:02:04,9.1924,117.8141,84.56,69,50,6.44
213,Ejura,GH,2022-04-17 02:02:05,7.3856,-1.3562,76.93,82,100,3.18
214,Etalle,BE,2022-04-17 02:02:05,49.6764,5.602,42.93,64,2,10.78
215,Denpasar,ID,2022-04-17 02:02:05,-8.65,115.2167,83.86,88,40,2.3
216,Prince Rupert,CA,2022-04-17 02:02:06,54.3161,-130.3201,44.98,49,29,4.27
217,Lompoc,US,2022-04-17 01:57:57,34.6391,-120.4579,62.74,76,20,8.99
218,Henties Bay,NA,2022-04-17 02:02:06,-22.116,14.2845,59.63,82,83,5.41
219,San Cristobal,VE,2022-04-17 02:02:07,7.7669,-72.225,67.14,97,100,4.21
220,Vostok,RU,2022-04-17 02:02:07,46.4856,135.8833,39.07,48,79,15.21
221,Haines Junction,CA,2022-04-17 02:03:07,60.7522,-137.5108,33.39,72,100,2.82
222,Alofi,NU,2022-04-17 02:03:08,-19.0595,-169.9187,81.79,73,63,9.42
223,Gasa,PS,2022-04-17 02:02:40,31.5,34.4667,66.63,36,59,8.55
224,Baruun-Urt,MN,2022-04-17 02:03:08,46.6806,113.2792,46.56,34,19,12.46
225,Ozinki,RU,2022-04-17 02:03:09,51.1786,49.6769,44.31,78,94,8.97
226,Rio Grande,BR,2022-04-17 02:03:09,-32.035,-52.0986,56.95,74,85,8.93
227,Dikson,RU,2022-04-17 02:02:58,73.5069,80.5464,6.53,94,100,14.54
228,Bognor Regis,GB,2022-04-17 02:03:09,50.7821,-0.6798,52.74,84,84,8.95
229,Wadi Maliz,TN,2022-04-17 02:03:10,36.4681,8.5495,51.06,86,12,7.63
230,Keetmanshoop,NA,2022-04-17 02:03:10,-26.5833,18.1333,64.0,46,0,9.44
231,Kieta,PG,2022-04-17 02:03:10,-6.2167,155.6333,83.26,75,95,3.78
232,Thai Binh,VN,2022-04-17 02:03:11,20.45,106.3333,68.38,85,100,5.79
233,Halifax,CA,2022-04-17 02:02:59,44.6453,-63.5724,47.7,81,100,3.0
234,Airai,TL,2022-04-17 02:03:11,-8.9266,125.4092,74.34,59,29,1.7
235,Ankazoabo,MG,2022-04-17 02:03:12,-22.2833,44.5167,71.35,74,0,4.63
236,Kamaishi,JP,2022-04-17 02:03:12,39.2667,141.8833,52.0,50,0,9.75
237,Piranhas,BR,2022-04-17 02:03:12,-16.4269,-51.8222,68.04,62,6,7.74
238,Ciudad Bolivar,VE,2022-04-17 02:03:13,8.1222,-63.5497,82.9,58,11,15.77
239,Zhigansk,RU,2022-04-17 01:58:34,66.7697,123.3711,15.48,94,100,15.23
240,Port Blair,IN,2022-04-17 02:03:13,11.6667,92.75,84.24,79,20,2.3
241,Saint-Pierre,RE,2022-04-17 02:03:13,-21.3393,55.4781,73.08,80,0,5.75
242,Sawang Daen Din,TH,2022-04-17 02:03:14,17.4753,103.4575,87.12,99,99,10.63
243,Atar,MR,2022-04-17 02:03:14,20.5169,-13.0499,77.16,14,0,3.24
244,Maria La Baja,CO,2022-04-17 02:03:14,9.9832,-75.3016,80.22,83,32,4.03
245,Vanino,RU,2022-04-17 02:03:15,49.0869,140.2543,40.21,75,71,1.5
246,Portland,US,2022-04-17 01:59:56,45.5234,-122.6762,50.61,65,60,8.01
247,Pangnirtung,CA,2022-04-17 02:02:47,66.1451,-65.7125,-0.85,90,100,6.82
248,Mantua,IT,2022-04-17 02:03:15,45.1667,10.7833,52.84,76,35,6.04
249,Lingao,CN,2022-04-17 02:03:16,19.9103,109.6859,77.29,81,100,10.49
250,Esperance,AU,2022-04-17 02:03:16,-33.8667,121.9,62.96,64,93,15.35
251,Benxi,CN,2022-04-17 02:03:16,41.2886,123.765,62.92,16,34,9.04
252,Axim,GH,2022-04-17 02:03:17,4.8699,-2.2405,75.24,88,100,3.27
253,Ambon,ID,2022-04-17 02:03:17,-3.6954,128.1814,87.94,66,20,3.44
254,Jaisalmer,IN,2022-04-17 02:03:17,26.9147,70.9181,80.11,54,20,14.0
255,Namatanai,PG,2022-04-17 02:03:18,-3.6667,152.4333,84.38,71,70,7.52
256,Mount Isa,AU,2022-04-17 01:58:29,-20.7333,139.5,91.17,17,5,9.22
257,Dongsheng,CN,2022-04-17 02:03:18,39.8161,109.9776,38.98,90,100,13.2
258,Leningradskiy,RU,2022-04-17 02:03:19,69.3833,178.4167,14.5,88,97,8.72
259,Pevek,RU,2022-04-17 02:03:19,69.7008,170.3133,7.65,89,100,6.44
260,Marsabit,KE,2022-04-17 02:03:19,2.3284,37.9899,66.36,80,100,5.19
261,Dandong,CN,2022-04-17 02:03:20,40.1292,124.3947,62.2,30,2,7.81
262,Waipawa,NZ,2022-04-17 02:03:20,-41.4122,175.5153,56.01,60,19,8.52
263,East London,ZA,2022-04-17 01:58:52,-33.0153,27.9116,61.38,77,100,6.06
264,Saldanha,ZA,2022-04-17 01:59:03,-33.0117,17.9442,57.25,69,0,9.95
265,Soe,ID,2022-04-17 02:03:21,-9.8607,124.284,79.43,63,45,4.45
266,Tukrah,LY,2022-04-17 02:03:21,32.5341,20.5791,61.72,89,99,7.78
267,Gesves,BE,2022-04-17 02:03:21,50.4015,5.0746,44.89,68,22,6.38
268,Bengkulu,ID,2022-04-17 02:03:28,-3.8004,102.2655,83.46,70,89,2.75
269,Havelock,US,2022-04-17 02:04:22,34.8791,-76.9013,67.98,90,0,6.91
270,Banjar,ID,2022-04-17 02:04:22,-8.19,114.9675,86.77,70,92,2.53
271,Karlstad,SE,2022-04-17 02:04:22,59.3793,13.5036,32.56,93,100,3.44
272,Bacolod,PH,2022-04-17 02:02:44,10.6667,122.95,85.19,68,99,8.77
273,Etchoropo,MX,2022-04-17 02:04:23,26.7667,-109.6667,80.42,36,100,8.41
274,Taunggyi,MM,2022-04-17 02:04:23,20.7833,97.0333,77.09,47,11,4.7
275,Barentu,ER,2022-04-17 02:04:23,15.1139,37.5928,79.43,43,96,11.48
276,Naze,JP,2022-04-17 02:03:52,28.3667,129.4833,64.69,58,90,10.18
277,Port Hedland,AU,2022-04-17 02:04:24,-20.3167,118.5667,98.65,14,11,10.36
278,Castelo Do Piaui,BR,2022-04-17 02:04:24,-5.3222,-41.5525,72.32,94,63,2.55
279,Port Lincoln,AU,2022-04-17 02:00:21,-34.7333,135.8667,66.49,74,100,9.08
280,Tahoua,NE,2022-04-17 02:00:12,14.8888,5.2692,80.58,12,99,9.33
281,Konstantinovka,RU,2022-04-17 02:04:25,49.6167,127.9833,42.26,46,96,15.3
282,Yulara,AU,2022-04-17 02:04:25,-25.2406,130.9889,84.04,30,5,11.5
283,Shitkino,RU,2022-04-17 02:04:25,56.3703,98.3543,48.67,74,100,6.26
284,Soyo,AO,2022-04-17 02:04:26,-6.1349,12.3689,77.27,91,84,7.02
285,Xinzhi,CN,2022-04-17 02:04:26,36.4989,111.7047,60.24,23,96,4.52
286,Akdepe,TM,2022-04-17 02:04:27,42.0551,59.3788,56.12,54,100,12.59
287,Vaitape,PF,2022-04-17 02:01:04,-16.5167,-151.75,81.34,72,6,11.54
288,Siloam Springs,US,2022-04-17 02:04:27,36.1881,-94.5405,55.94,50,100,10.36
289,Aksarka,RU,2022-04-17 02:04:27,66.5606,67.7975,11.79,91,100,2.73
290,Sobolevo,RU,2022-04-17 02:02:48,54.4299,31.8996,29.71,89,92,12.84
291,Meulaboh,ID,2022-04-17 02:04:28,4.1363,96.1285,81.82,80,50,2.28
292,Lewistown,US,2022-04-17 02:04:28,40.5992,-77.5714,49.71,90,75,5.75
293,Camana,PE,2022-04-17 02:04:29,-16.6228,-72.7111,66.9,83,94,8.48
294,Xichang,CN,2022-04-17 02:04:29,27.8964,102.2634,56.34,73,89,0.6
295,Bonavista,CA,2022-04-17 02:00:55,48.6499,-53.1147,38.7,77,100,15.95
296,Escanaba,US,2022-04-17 02:04:30,45.7453,-87.0646,28.94,73,100,11.5
297,Harper,LR,2022-04-17 02:04:30,4.375,-7.7169,76.98,88,100,2.57
298,Shitanjing,CN,2022-04-17 02:04:30,39.2342,106.3439,45.86,31,25,28.61
299,Chokurdakh,RU,2022-04-17 02:04:31,70.6333,147.9167,6.71,88,24,2.82
300,Avera,US,2022-04-17 02:04:31,33.194,-82.5271,63.91,93,100,0.98
301,Vila,PT,2022-04-17 02:04:31,42.0304,-8.1588,45.7,89,87,2.68
302,Herat,AF,2022-04-17 02:00:30,34.5,62.0,52.5,53,8,10.87
303,Wufeng,CN,2022-04-17 02:04:32,27.45,104.8333,38.26,94,100,4.12
304,Faanui,PF,2022-04-17 02:04:32,-16.4833,-151.75,81.34,72,6,11.7
305,Santiago De Cao,PE,2022-04-17 02:04:33,-7.9589,-79.2392,62.73,94,100,10.36
306,Cabanas,CU,2022-04-17 02:04:33,22.9758,-82.9219,76.51,80,7,8.48
307,La Maddalena,IT,2022-04-17 02:02:18,41.2142,9.4083,60.96,70,0,32.88
308,Saint-Augustin,CA,2022-04-17 02:04:33,51.226,-58.6502,31.73,90,56,12.86
309,Bethel,US,2022-04-17 02:04:34,41.3712,-73.414,45.75,89,100,8.05
310,Palmer,US,2022-04-17 02:04:34,42.1584,-72.3287,44.62,85,100,3.44
311,Shache,CN,2022-04-17 02:04:34,38.4167,77.2406,62.71,22,0,8.21
312,Cap Malheureux,MU,2022-04-17 02:01:40,-19.9842,57.6142,76.46,87,73,8.99
313,Praia Da Vitoria,PT,2022-04-17 02:05:35,38.7333,-27.0667,57.76,86,3,10.31
314,Fortuna,US,2022-04-17 02:05:35,40.5982,-124.1573,50.67,69,0,8.05
315,Kutum,SD,2022-04-17 02:02:47,14.2,24.6667,71.53,10,7,3.76
316,Walvis Bay,NA,2022-04-17 02:05:36,-22.9575,14.5053,59.77,78,25,4.76
317,Zhangjiakou,CN,2022-04-17 02:05:36,40.81,114.8794,57.22,14,100,4.09
318,Ardesen,TR,2022-04-17 02:05:37,41.1911,40.9875,52.68,66,4,4.79
319,Hovd,MN,2022-04-17 02:02:51,48.0056,91.6419,47.66,13,0,1.43
320,Isangel,VU,2022-04-17 02:05:37,-19.55,169.2667,84.02,70,20,6.24
321,Kodiak,US,2022-04-17 02:05:38,57.79,-152.4072,38.71,75,100,13.8
322,Acapulco,MX,2022-04-17 02:05:38,16.8634,-99.8901,80.42,65,0,0.0
323,Tessalit,ML,2022-04-17 02:05:38,20.1986,1.0114,70.5,24,100,9.15
324,Luderitz,NA,2022-04-17 02:05:39,-26.6481,15.1594,61.7,62,0,11.81
325,College,US,2022-04-17 02:05:39,64.8569,-147.8028,35.08,32,20,14.97
326,Noumea,NC,2022-04-17 02:05:39,-22.2763,166.4572,84.0,99,0,12.28
327,Jurado,CO,2022-04-17 02:05:39,7.1053,-77.7641,77.07,93,100,5.28
328,Belmonte,BR,2022-04-17 02:05:40,-15.8631,-38.8828,76.75,85,100,11.63
329,Leeton,AU,2022-04-17 02:05:40,-34.5667,146.4,81.9,34,4,11.43
330,Vilhena,BR,2022-04-17 02:05:41,-12.7406,-60.1458,69.75,90,52,3.15
331,Batamshinskiy,KZ,2022-04-17 02:05:41,50.5594,58.2747,41.81,71,9,4.7
332,Amherstburg,CA,2022-04-17 02:05:01,42.1168,-83.0499,37.98,62,100,12.66
333,Mackenzie,CA,2022-04-17 02:05:42,55.2999,-123.1698,34.81,68,99,3.18
334,Salinas,US,2022-04-17 02:02:03,36.6777,-121.6555,62.01,70,0,9.22
335,Macas,EC,2022-04-17 02:05:42,-2.3167,-78.1167,68.81,97,97,1.3
336,Kirakira,SB,2022-04-17 02:05:42,-10.4544,161.9205,85.57,62,91,5.86
337,Ler,SS,2022-04-17 02:05:43,8.3018,30.1418,76.69,70,35,3.96
338,Mao,ES,2022-04-17 02:03:04,39.8885,4.2658,59.56,63,0,6.91
339,Peterhead,GB,2022-04-17 02:05:43,57.5058,-1.7981,51.46,97,100,14.27
340,Dickinson,US,2022-04-17 02:05:44,29.4608,-95.0513,78.13,87,0,6.91
341,Kathmandu,NP,2022-04-17 02:05:19,27.7167,85.3167,64.62,48,20,3.44
342,Bugiri,UG,2022-04-17 02:05:44,0.5714,33.7417,64.53,93,100,3.06
343,Tombouctou,ML,2022-04-17 02:04:17,20.0,-3.0,71.33,21,0,11.74
344,Pisco,PE,2022-04-17 02:05:45,-13.7,-76.2167,66.02,82,0,10.36
345,Port Jervis,US,2022-04-17 02:05:45,41.3751,-74.6927,43.83,92,98,6.35
346,Turbat,PK,2022-04-17 02:05:45,26.0023,63.044,82.13,52,52,2.82
347,Flin Flon,CA,2022-04-17 02:05:46,54.7682,-101.865,21.74,88,100,3.15
348,Shellbrook,CA,2022-04-17 02:05:46,53.2168,-106.4011,19.51,90,99,5.23
349,Christchurch,NZ,2022-04-17 02:05:27,-43.5333,172.6333,57.94,80,100,11.5
350,Yar-Sale,RU,2022-04-17 02:05:46,66.8333,70.8333,11.66,84,100,14.88
351,Bilibino,RU,2022-04-17 02:05:47,68.0546,166.4372,22.53,81,98,2.01
352,Gold Coast,AU,2022-04-17 02:01:59,-28.0,153.4333,75.99,70,100,10.36
353,Wattegama,LK,2022-04-17 02:05:47,6.7989,81.4808,78.67,86,68,5.14
354,Mende,FR,2022-04-17 02:06:48,44.6667,3.5,35.37,87,13,4.97
355,Huarmey,PE,2022-04-17 02:06:48,-10.0681,-78.1522,67.37,84,99,8.39
356,Koslan,RU,2022-04-17 02:06:48,63.4564,48.8989,22.01,92,14,5.44
357,Lahaina,US,2022-04-17 02:06:49,20.8783,-156.6825,78.8,79,100,11.72
358,Maningrida,AU,2022-04-17 02:06:49,-12.0667,134.2667,87.48,57,14,11.79
359,Olafsvik,IS,2022-04-17 02:06:49,64.8945,-23.7142,43.95,96,93,12.26
360,Guerrero Negro,MX,2022-04-17 02:06:50,27.9769,-114.0611,60.49,83,46,19.48
361,Telma,RU,2022-04-17 02:06:50,52.6983,103.7097,53.1,46,67,2.91
362,Egvekinot,RU,2022-04-17 02:06:50,66.3167,-179.1667,22.84,86,39,8.95
363,Abu Samrah,SY,2022-04-17 02:06:51,35.3029,37.1841,57.29,42,1,2.53
364,Krasnoselkup,RU,2022-04-17 02:03:47,65.7,82.4667,16.83,92,100,16.8
365,Houyet,BE,2022-04-17 02:06:51,50.1862,5.0076,46.36,74,16,1.99
366,Kargala,RU,2022-04-17 02:06:52,56.6208,83.9607,45.37,81,100,7.09
367,Verkh-Usugli,RU,2022-04-17 02:06:52,52.7,115.1667,37.44,34,100,3.76
368,George,ZA,2022-04-17 02:06:52,-33.963,22.4617,55.94,73,0,4.09
369,Albuquerque,US,2022-04-17 02:02:32,35.0845,-106.6511,75.09,11,20,21.85
370,Pangody,RU,2022-04-17 02:06:53,65.85,74.4859,11.43,93,100,15.08
371,Lata,PT,2022-04-17 02:06:53,40.1629,-8.3327,49.57,92,84,1.68
372,Kachug,RU,2022-04-17 02:06:53,53.9606,105.8817,48.36,68,60,4.05
373,Ekibastuz,KZ,2022-04-17 02:06:54,51.6667,75.3667,58.01,53,100,4.25
374,Saint-Joseph,RE,2022-04-17 02:06:54,-21.3667,55.6167,71.98,77,19,9.15
375,Dharchula,IN,2022-04-17 02:06:54,29.85,80.5333,72.63,21,0,1.41
376,Tautira,PF,2022-04-17 02:06:55,-17.7333,-149.15,79.63,76,3,9.35
377,Salto,UY,2022-04-17 02:06:47,-31.3833,-57.9667,60.87,73,43,4.0
378,Penzance,GB,2022-04-17 02:04:33,50.1186,-5.5371,51.87,88,97,13.06
379,Neiafu,TO,2022-04-17 02:06:55,-18.65,-173.9833,84.88,79,40,10.36
380,Tenkodogo,BF,2022-04-17 02:06:56,11.78,-0.3697,86.25,30,100,5.57
381,Dingle,PH,2022-04-17 02:06:56,10.9995,122.6711,84.9,69,100,8.5
382,Champerico,GT,2022-04-17 02:06:56,14.3,-91.9167,84.16,70,13,10.04
383,Grand Gaube,MU,2022-04-17 02:06:57,-20.0064,57.6608,76.37,86,80,5.99
384,El Campo,US,2022-04-17 02:06:57,29.1966,-96.2697,77.29,88,0,6.91
385,Bucerias,MX,2022-04-17 02:05:44,20.75,-105.3333,78.98,73,20,3.44
386,Hihya,EG,2022-04-17 02:06:57,30.6713,31.588,64.09,36,5,10.83
387,Outram,MY,2022-04-17 02:06:58,1.2829,103.8379,89.53,67,75,5.75
388,Cockburn Town,TC,2022-04-17 02:06:58,21.4612,-71.1419,77.63,85,100,23.29
389,Qui Nhon,VN,2022-04-17 02:06:59,13.7667,109.2333,80.42,78,100,4.61
390,Lagoa,PT,2022-04-17 02:06:59,39.05,-27.9833,58.33,74,0,14.7
391,Skjervoy,NO,2022-04-17 02:06:59,70.0311,20.9714,39.2,87,100,27.11
392,Kinkala,CG,2022-04-17 02:07:00,-4.3614,14.7644,69.44,87,22,1.03
393,Manyana,BW,2022-04-17 02:07:00,-23.4,21.7167,62.31,90,47,9.71
394,Solnechnyy,RU,2022-04-17 02:07:00,50.7214,136.6319,31.23,87,100,8.84
395,Hangu,CN,2022-04-17 02:07:01,39.2489,117.7892,60.84,19,100,9.19
396,Spruce Grove,CA,2022-04-17 02:07:01,53.5334,-113.9187,32.09,74,75,9.22
397,Gurgentepe,TR,2022-04-17 02:07:01,40.7883,37.6017,28.29,58,92,7.87
398,Lasa,IT,2022-04-17 02:07:02,46.6166,10.7002,38.35,67,12,6.31
399,Wahiawa,US,2022-04-17 02:03:10,21.5028,-158.0236,79.12,73,75,11.5
400,Santona,ES,2022-04-17 02:07:02,43.4439,-3.4576,52.07,77,8,3.91
401,Mitsamiouli,KM,2022-04-17 02:07:02,-11.3847,43.2844,81.21,77,6,3.15
402,Joshimath,IN,2022-04-17 02:08:03,30.5667,79.5667,62.31,35,2,4.99
403,Marang,MY,2022-04-17 02:08:03,5.2056,103.2059,82.76,79,48,3.65
404,Preston,GB,2022-04-17 02:08:03,53.7667,-2.7167,55.62,87,92,7.43
405,Boa Vista,BR,2022-04-17 02:08:04,2.8197,-60.6733,78.78,78,40,5.75
406,Baker City,US,2022-04-17 02:08:04,44.7749,-117.8344,37.11,61,20,13.8
407,Apollonia,GR,2022-04-17 02:08:05,36.9716,24.7231,65.79,68,100,22.32
408,Voh,NC,2022-04-17 02:03:12,-20.9667,164.7,82.11,59,0,7.49
409,Hudson Bay,CA,2022-04-17 02:08:05,52.85,-102.3842,21.97,97,100,3.4
410,Margate,GB,2022-04-17 02:08:05,51.3813,1.3862,50.31,83,52,11.48
411,Mesto Albrechtice,CZ,2022-04-17 02:08:06,50.1629,17.5748,33.4,89,28,5.37
412,Ancud,CL,2022-04-17 02:08:06,-41.8697,-73.8203,50.32,88,0,4.83
413,Hay River,CA,2022-04-17 02:08:06,60.8156,-115.7999,8.94,88,100,8.5
414,Marawi,PH,2022-04-17 02:08:07,7.9986,124.2928,79.0,66,95,3.56
415,Pichayevo,RU,2022-04-17 02:08:07,53.2363,42.2032,45.34,98,100,7.27
416,Chapais,CA,2022-04-17 02:08:08,49.7834,-74.8492,29.98,92,92,7.4
417,Santa Cruz De La Palma,ES,2022-04-17 02:08:08,28.6835,-17.7642,64.54,82,0,12.66
418,Natal,BR,2022-04-17 02:08:08,-5.795,-35.2094,81.25,89,20,3.44
419,Baishishan,CN,2022-04-17 02:08:09,43.5833,127.5667,52.86,28,97,7.18
420,Balaipungut,ID,2022-04-17 02:03:57,1.05,101.2833,78.93,91,100,1.52
421,Muriwai Beach,NZ,2022-04-17 02:03:15,-36.8167,174.45,72.36,59,100,15.52
422,Deputatskiy,RU,2022-04-17 02:04:07,69.3,139.9,11.46,88,100,4.05
423,Beaver Dam,US,2022-04-17 02:08:09,43.4578,-88.8373,34.72,59,40,0.0
424,Sept-Iles,CA,2022-04-17 02:04:00,50.2001,-66.3821,27.9,89,15,4.61
425,Torbay,CA,2022-04-17 02:05:33,47.6666,-52.7314,45.57,67,100,7.0
426,Kununurra,AU,2022-04-17 02:08:10,-15.7667,128.7333,91.38,52,93,6.91
427,Devils Lake,US,2022-04-17 02:08:11,48.1128,-98.8651,21.18,63,0,3.44
428,Batticaloa,LK,2022-04-17 02:08:11,7.7102,81.6924,80.4,82,59,5.14
429,Ullapool,GB,2022-04-17 02:08:11,57.8987,-5.1604,52.36,75,100,6.49
430,Te Anau,NZ,2022-04-17 02:08:12,-45.4167,167.7167,55.36,53,99,0.49
431,Itoman,JP,2022-04-17 02:08:12,26.1247,127.6694,70.57,60,75,11.5
432,Qaqortoq,GL,2022-04-17 02:08:12,60.7167,-46.0333,27.3,87,7,4.54
433,Brigantine,US,2022-04-17 02:05:11,39.4101,-74.3646,58.05,89,100,17.27
434,Helena,US,2022-04-17 02:08:13,46.5927,-112.0361,29.32,78,100,5.75
435,Ormara,PK,2022-04-17 02:08:13,25.2088,64.6357,79.95,88,2,4.61
436,Maragogi,BR,2022-04-17 02:08:13,-9.0122,-35.2225,78.73,88,92,7.4
437,Jakar,BT,2022-04-17 02:08:14,27.5492,90.7525,54.39,59,2,2.82
438,Labuhan,ID,2022-04-17 02:08:14,-6.8844,112.2051,84.69,74,48,3.78
439,Petropavlovsk-Kamchatskiy,RU,2022-04-17 02:06:30,53.0452,158.6483,39.79,33,0,8.95
440,Jati,PK,2022-04-17 02:08:14,24.3539,68.2671,79.2,84,14,14.23
441,Yate,GB,2022-04-17 02:08:15,51.5407,-2.4184,51.48,74,100,2.98
442,Udachnyy,RU,2022-04-17 02:08:15,66.4167,112.4,30.45,86,100,17.96
443,Delijan,IR,2022-04-17 02:08:15,33.9905,50.6838,53.08,23,57,6.17
444,Hirara,JP,2022-04-17 02:08:16,24.8,125.2833,70.88,63,84,11.3
445,Gavrilov Posad,RU,2022-04-17 02:08:16,56.5597,40.1175,29.77,78,100,13.11
446,Banda Aceh,ID,2022-04-17 02:09:17,5.5577,95.3222,83.55,72,56,5.21
447,Korla,CN,2022-04-17 02:09:17,41.7597,86.1469,54.95,10,0,3.11
448,Zhuzhou,CN,2022-04-17 02:09:17,27.8333,113.15,52.05,91,100,3.76
449,Sangar,RU,2022-04-17 02:09:18,63.9242,127.4739,19.92,87,90,1.45
450,Chicama,PE,2022-04-17 02:09:18,-7.8447,-79.1469,61.34,79,53,5.84
451,Dalbandin,PK,2022-04-17 02:09:18,28.8947,64.4101,79.65,18,11,5.59
452,Gladstone,AU,2022-04-17 02:09:19,-23.85,151.25,83.79,41,0,10.36
453,Phalombe,MW,2022-04-17 02:09:19,-15.8064,35.6507,64.99,97,15,2.89
454,Weihe,CN,2022-04-17 02:09:19,32.9952,105.3247,51.73,63,100,4.52
455,North Platte,US,2022-04-17 02:07:57,41.1239,-100.7654,46.29,35,0,12.66
456,Galle,LK,2022-04-17 02:09:20,6.0367,80.217,82.63,75,86,4.97
457,Sivakasi,IN,2022-04-17 02:09:20,9.45,77.8167,83.53,67,5,1.21
458,Popesti,RO,2022-04-17 02:09:20,47.2333,22.4167,36.99,77,9,9.51
459,Diu,IN,2022-04-17 02:09:21,20.7141,70.9822,78.84,69,0,9.89
460,Puteyets,RU,2022-04-17 02:09:21,65.1716,57.091,15.76,95,100,5.5
461,Isla Mujeres,MX,2022-04-17 02:09:22,21.2311,-86.731,78.85,77,0,10.45
462,Cody,US,2022-04-17 02:09:22,44.5263,-109.0565,41.22,71,75,5.01
463,Dunedin,NZ,2022-04-17 02:09:22,-45.8742,170.5036,53.8,70,96,15.01
464,Basco,PH,2022-04-17 02:09:23,20.4487,121.9702,76.55,77,81,16.51
465,Kibala,TD,2022-04-17 02:09:23,9.1104,18.3463,83.91,41,3,3.89
466,Batagay,RU,2022-04-17 02:09:24,67.6333,134.6333,18.45,81,100,2.55
467,Marsaxlokk,MT,2022-04-17 02:09:24,35.8419,14.5431,58.08,82,20,10.36
468,Vao,NC,2022-04-17 02:06:14,-22.6667,167.4833,76.8,70,0,7.38
469,Caravelas,BR,2022-04-17 02:09:24,-17.7125,-39.2481,77.77,69,100,10.74
470,Antofagasta,CL,2022-04-17 02:09:25,-23.65,-70.4,58.28,81,60,5.06
471,Ostersund,SE,2022-04-17 02:09:25,63.1792,14.6357,36.05,80,75,6.91
472,Minna,NG,2022-04-17 02:09:25,9.6139,6.5569,80.15,65,74,5.73
473,Korhogo,CI,2022-04-17 02:09:26,9.45,-5.6333,73.87,76,100,3.09
474,Ostrovnoy,RU,2022-04-17 02:09:26,68.0531,39.5131,35.24,97,100,21.3
475,Ondo,NG,2022-04-17 02:06:06,7.1,4.8333,72.61,97,78,1.79
476,Feijo,BR,2022-04-17 02:09:27,-8.1642,-70.3536,72.36,93,23,1.66
477,Cozumel,MX,2022-04-17 02:08:09,20.5083,-86.9458,78.01,81,0,5.99
478,Moree,AU,2022-04-17 02:09:27,-29.4667,149.85,75.42,40,0,2.46
479,Tiznit,MA,2022-04-17 02:09:27,29.5833,-9.5,73.92,22,8,4.81
480,Ola,RU,2022-04-17 02:09:28,59.5833,151.2833,32.14,62,40,4.18
481,Rorvik,NO,2022-04-17 02:09:28,64.8621,11.2373,40.53,84,100,8.84
482,Lakatoro,VU,2022-04-17 02:09:28,-16.0999,167.4164,83.82,72,74,2.62
483,Tanout,NE,2022-04-17 02:09:29,14.9709,8.8879,78.66,13,64,8.25
484,Kyshtovka,RU,2022-04-17 02:09:29,56.555,76.6271,45.88,79,98,9.4
485,Temir,KZ,2022-04-17 02:09:29,49.1414,57.13,46.45,74,7,3.89
486,Shenjiamen,CN,2022-04-17 02:09:30,29.9576,122.298,57.65,56,55,8.14
487,Rawatsar,IN,2022-04-17 02:09:30,29.2833,74.3833,83.91,13,58,9.66
488,Hurghada,EG,2022-04-17 02:09:30,27.2574,33.8129,72.97,33,0,4.25
489,Sisimiut,GL,2022-04-17 02:09:31,66.9395,-53.6735,16.23,59,2,8.43
490,Oxford,GB,2022-04-17 02:05:41,51.7522,-1.256,49.19,83,99,3.58
491,Rio Cuarto,AR,2022-04-17 02:05:54,-33.1307,-64.3499,60.48,48,44,8.28
492,Talara,PE,2022-04-17 02:10:31,-4.5772,-81.2719,67.35,87,51,16.13
493,Salcedo,PH,2022-04-17 02:10:32,12.8105,121.4674,83.14,73,60,5.91
494,Loa Janan,ID,2022-04-17 02:10:32,-0.583,117.095,88.0,59,67,0.45
495,Gizo,SB,2022-04-17 02:10:32,-8.103,156.8419,81.97,74,100,5.1
496,Lamu,KE,2022-04-17 02:10:33,-2.2717,40.902,82.62,75,100,12.66
497,Ende,ID,2022-04-17 02:10:33,-8.8432,121.6623,83.73,75,78,2.17
498,Yenagoa,NG,2022-04-17 02:10:33,4.9247,6.2642,77.22,91,21,4.12
499,Johnstown,US,2022-04-17 02:10:34,40.3267,-78.922,48.18,84,100,4.61
500,Kenora,CA,2022-04-17 02:10:34,49.8167,-94.4337,15.22,96,94,2.68
501,Mehamn,NO,2022-04-17 02:10:34,71.0357,27.8492,37.33,89,100,29.53
502,Peniche,PT,2022-04-17 02:10:35,39.3558,-9.3811,56.28,91,100,14.09
503,Polson,US,2022-04-17 02:10:35,47.6936,-114.1632,34.48,70,100,4.85
504,Puerto Escondido,MX,2022-04-17 02:08:58,15.85,-97.0667,83.23,65,40,5.75
505,Ribas Do Rio Pardo,BR,2022-04-17 02:10:36,-20.4431,-53.7592,60.28,64,0,5.37
506,Finschhafen,PG,2022-04-17 02:10:36,-6.6024,147.8681,83.44,75,100,1.25
507,Carbonia,IT,2022-04-17 02:10:36,39.1672,8.5222,54.01,75,48,2.64
508,Guiberoua,CI,2022-04-17 02:10:37,6.2392,-6.1727,71.01,99,100,2.24
509,Tongzi,CN,2022-04-17 02:10:37,28.7829,105.0877,52.3,94,100,4.21
510,Acarau,BR,2022-04-17 02:10:37,-2.8856,-40.12,78.06,85,73,5.88
511,Birjand,IR,2022-04-17 02:10:38,32.8663,59.2211,64.62,34,98,9.46
512,Lixourion,GR,2022-04-17 02:10:38,38.2019,20.4314,59.68,77,100,7.52
513,Kiruna,SE,2022-04-17 02:10:38,67.8557,20.2251,32.92,93,40,3.44
514,Adrar,MR,2022-04-17 02:10:39,20.5022,-10.0711,76.17,15,0,12.17
515,Canoinhas,BR,2022-04-17 02:10:39,-26.1772,-50.39,50.0,98,0,3.13
516,Jiuquan,CN,2022-04-17 02:10:39,39.7432,98.5174,48.7,25,1,12.19
517,Santana Do Mundau,BR,2022-04-17 02:10:40,-9.1681,-36.2222,72.48,96,22,3.38
518,Senneterre,CA,2022-04-17 02:10:40,48.3835,-77.2328,25.25,91,97,3.11
519,Lock Haven,US,2022-04-17 02:10:40,41.137,-77.4469,47.7,99,77,7.54
520,Rio Negro,BR,2022-04-17 02:10:41,-26.1058,-49.7975,51.98,99,27,4.68
521,Khryashchevka,RU,2022-04-17 02:10:41,53.8119,49.0916,41.94,80,100,13.13
522,Awbari,LY,2022-04-17 02:10:41,26.5921,12.7805,62.92,42,0,14.7
523,Manokwari,ID,2022-04-17 02:10:42,-0.8667,134.0833,84.02,67,74,4.34
524,Ergani,TR,2022-04-17 02:10:42,38.2653,39.7621,47.66,56,53,5.48
525,Porto Novo,BJ,2022-04-17 02:06:37,6.4965,2.6036,79.9,82,100,4.83
526,Biak,ID,2022-04-17 02:10:43,-0.9131,122.8766,79.47,84,93,2.13
527,Victor Harbor,AU,2022-04-17 02:10:43,-35.5667,138.6167,78.67,66,100,13.82
528,Lorengau,PG,2022-04-17 02:06:20,-2.0226,147.2712,84.2,74,55,5.75
529,Ikalamavony,MG,2022-04-17 02:10:43,-21.15,46.5833,64.42,91,11,5.06
530,Santa Cruz,BO,2022-04-17 02:06:37,-17.8,-63.1667,71.06,60,75,9.22
531,Lermontovka,RU,2022-04-17 02:10:44,47.1453,134.3383,46.67,40,25,14.94
532,Srandakan,ID,2022-04-17 02:10:44,-7.9386,110.2506,84.25,74,100,3.11
533,San Felipe,VE,2022-04-17 02:10:45,10.3399,-68.7425,73.49,95,62,3.89
534,Marystown,CA,2022-04-17 02:10:45,47.1666,-55.1483,44.55,57,98,20.31
535,Cassilandia,BR,2022-04-17 02:10:45,-19.1133,-51.7342,59.09,56,0,4.0
536,Sistranda,NO,2022-04-17 02:10:46,63.7256,8.834,39.16,81,100,3.78
537,Salo,IT,2022-04-17 02:10:46,45.6086,10.531,54.32,74,77,5.7
538,Tomatlan,MX,2022-04-17 02:10:46,19.9333,-105.25,74.7,51,100,1.5
539,Tshikapa,CD,2022-04-17 02:11:47,-6.4167,20.8,70.65,94,100,1.32
540,Lahan,NP,2022-04-17 02:11:47,26.7296,86.4951,86.31,35,5,11.88
541,Hameenlinna,FI,2022-04-17 02:11:47,60.996,24.4643,28.29,95,76,2.8
542,Wanxian,CN,2022-04-17 02:11:48,30.8039,108.3897,52.72,93,100,2.08
543,Vale,GE,2022-04-17 02:11:48,41.6156,42.8722,35.65,85,1,3.02
544,Suchiapa,MX,2022-04-17 02:11:49,16.6167,-93.0833,88.12,48,20,14.97
545,Magaria,NE,2022-04-17 02:11:49,12.9983,8.9099,83.07,51,100,7.43
546,Ugu,IN,2022-04-17 02:11:49,26.7833,80.3333,89.22,11,0,6.46
547,Loreto,MX,2022-04-17 02:11:50,22.2667,-101.9667,73.22,13,51,4.85
548,Beringovskiy,RU,2022-04-17 02:11:50,63.05,179.3167,31.78,98,100,19.26
549,Manoel Urbano,BR,2022-04-17 02:11:50,-8.8389,-69.2597,72.73,92,28,0.72
550,Bay Roberts,CA,2022-04-17 02:11:51,47.5999,-53.2648,46.33,68,99,11.01
551,Bad Windsheim,DE,2022-04-17 02:11:51,49.5,10.4167,38.66,66,1,5.7
